artist,album,genre,subgenres,top_songs,comments,recommender,RIAA_certification,nationality,year
Alex G,Trick,Indie,Indie,Mary; Animals; Change,Kind of singer/songwriter. P somber at times. Rainy day music.,Conor Schrader,None,American,2015
Alvvays,Alvvays,Indie,Indie rock,Party Police; Marry Me; Archie,Pretty straight-ahead indie rock.,Ian Loefgren,None,Canadian,2014
Amon Tobin,Supermodified,Electronic,Electronic,Get Your Snack On; Rhino Jockey,Wide variety of music on here. Experimental; for sure. The songs I've rec'd go from fun and fast-paced in Get Your Snack On to anxious and breakneck with Rhino Jockey. Massive Attack on crack.,Conor Schrader,None,Brazillian,2000
Anderson Paak,Malibu,Hip-Hop/Rap,Hip-Hop/Rap,,Very similar to Pimp a Butterfly but more musically driven.,Jeremy Muesing,None,American,2016
Ayreon,The Theory of Everything,Post-rock,Progressive Rock,Magnetism,Follow the story behind this album. Read the lyrics. It's chilling.,Nick Sweet,None,Dutch,2013
Beck,Morning Phase,Folk,Folk Pop,Morning; Heart is a Drum,He's not a loser anymore; he made a great indie folk album,Sheldon Huck,Gold,American,2014
Bill Evans,Portrait In Jazz,Jazz,Jazz,,Pretty famous but I don't know if y'all listen to any jazz.  If you've listened I'll pick something less known.,Jay Ostrom,None,American,1960
BlakRoc,BlakRoc,Hip-Hop/Rap,Hip-Hop/Rap,,Collaboration between The Black Keys and The Wu Tang Clan,Jeremy Muesing,None,American,2009
Blind Pilot,3 Rounds And A Sound,Indie,Folk Pop,The Story I Heard; Go On Say It,It just sounds nice. Chill road trip music.,Kyle Appelquist,None,American,2008
Bomb the Music Industry!,Vacation,Rock,Punk rock,,Relatable lyrics; loud but not aggressive. Jeff's vocals take some adjustment; but lots of great albums,Conor Schrader,None,American,2010
Bombino,Nomad,World,Tribal,,If you want something jamming and wierd look no futher than this guitarist from the Tuareg tibe.,Jeremy Muesing,None,Nigerian,2013
Broken Bells,Broken Bells,Indie,Indie Pop,October,Collaboration of Danger Mouse and James Mercer of The Shins,Jeremy Muesing,None,American,2010
Built to Spill,Perfect From Now On,Indie,Indie,,"Big influence on Modest Mouse. Read along to ""Randy Describest Eternity;"" amazing imagery",Conor Schrader,None,American,1997
Calder's Revolvers,Steady By Your Side,Rock,Soul Rock,Interstate Shakedown; Young Man,Local Denver band with amazing vocals and a ton of energy. Recently renamed to The Gold Co. Go to their concerts they are the best act every time.,Jeremy Muesing,None,American,2012
Carly Rae Jepsen,Emotion,Pop,Pop,E mo tion; I Really Like You,I swear this isn't a meme. Fantastic album.,Kyle Appelquist,None,Canadian,2015
Casey Veggies,Live & Grow,Hip-Hop/Rap,Hip-Hop/Rap,Backflips; Tied Up; Life Song; Wonderful,Nice beats; slick bars,Kyle Appelquist,None,American,2015
Clint Mansell,The Fountain O.S.T,Soundtrack,Soundtrack,Xibalba; Death is the road to awe,Fantastic soundtrack. Soft at parts; incredibly intense at parts.,Nick Sweet,None,English,2006
Damien Rice,O,Pop,Folk Pop,Delicate; Cannonball ,Solo songwriter; multi-instrumentalist; pure folk ,Sheldon Huck,Gold,Irish,2002
Danger Mouse & Daniele Luppi,Rome,Indie,Folk Pop,"Season's Trees; Theme Of ""Rome""",A fusion of Danger Mouse's Pop production and Italian Composition giving a modern western feel.,Jeremy Muesing,None,American/Italian,2011
Daniel Norgren,Buck,Blues,Blues,,Very unique musical style from a Sweedish bluesman,Jeremy Muesing,None,Swedish,2013
Death Cab for Cutie,Transatlantacism ,Indie,Indie,The Sound of Settling; Tiny Vessels ,Sad indie sounds; amazing lyricism from Ben Gibbard on one of the most cohesive sad-indie albums. ,Sheldon Huck,Gold,American,2003
Dr. John,Locked Down,Blues,New Orleans,Revolution; Getaway,Old artist with an amzing new sound and direction. Giant collaboration of musicians to make this album.,Jeremy Muesing,None,American,2012
Dream Theater,Metropolis Part 2: Scenes from a Memory,Post-rock,Progressive Rock,Beyond this life,Listen in order! This is half metal album; half opera,Nick Sweet,None,American,1999
Elvis Depressedly,New Alhambra,Indie,lo-fi ,New Alhambra; Ease,Some nice synth and fuzzy production; and good lyrics,Ian Loefgren,None,American,2015
FKA Twigs,M3LL155X,Electronic,Electronic R&B,In Time; Glass & Patron,Dark and electronic; with R&B vibes. ,Ian Loefgren,None,English,2015
Gin Wigmore,Gravel & Wine,Rock,Pop Rock,Black Sheep; Nothing to No One,New Zeland artist with a unique sound. Fusion of blues and pop.,Jeremy Muesing,None,New Zealander,2011
GoGo Penguin,V2.0,Jazz,Jazz,,Modern Jazz trio with a Hard Bop feel.,Jeremy Muesing,None,English,2014
Gogol Bordello,Gypsy Punks: Underdog World Strike,Punk,GYPSY PUNK,Start Wearing Purple,Skogol,Kyle Appelquist,None,American,2005
Grimes,Art Angels ,Pop,Electro Pop,Kill v. Maim; World Princess Part II,Best pop album i've ever listened to. Some of the best production and lyricism in the genre. ,Sheldon Huck,None,Canadian,2015
GZA,Liquid Swords,Hip-Hop/Rap,Hip-Hop/Rap,,IMO the second best Wu Tang album. Fantastic rhyming schemes; production. GZA the genius. ,Conor Schrader,Platinum,American,1995
Howlin' Wolf,The Howlin' Wolf Album,Blues,Chicago Blues,,Great groving album of an American blues legend. Check out the album artwork. Many classsics on there but in a very different style.,Jeremy Muesing,None,American,1969
Hugo,Old Tyme Religion,Pop,Pop,,Orginally signed by Jay-Z of all people. Great example of what modern pop music should be.,Jeremy Muesing,None,English/Thai,2011
Incubus,S.C.I.E.N.C.E,Rock,Alternative Metal,A certain shade of green; Summer romance,They were incredible before they decided to go down the mainstream road.,Nick Sweet,Gold,American,1997
J Dilla,Donuts,Hip-Hop/Rap,Instrumental Hip Hop,Time: The Donut of the Heart,Legendary producer J Dilla's magnum opus,Kyle Appelquist,None,American,2006
July Talk,July Talk,Rock,Alt. Rock,Paper Girl; Summer Dress,High energy. Singing might not be for everyone.,Jeremy Muesing,None,Canadian,2012
Jurassic 5,Quality Control,Hip-Hop/Rap,Hip-Hop/Rap,The Influence; Quality Control,Increibly chill. ,Nick Sweet,None,American,2000
Keaton Henson,Birthdays,Indie,Indie,On the News; Teach Me; You,Sad love-lost pity-party music.,Ian Loefgren,None,English,2013
Kishi Bashi,151A,Pop,Indie Pop,Bright Whites; Atticus In the Desert; I Am the Antichrist to You,Stupidly upbeat pop with plenty of violin.,Ian Loefgren,None,American,2012
Local Natives,Hummingbird,Indie,Indie Rock,Mt. Washington; Heavy Feet,Super emotional,Kyle Appelquist,None,American,2013
Madeon,Adventure,Electronic,French House/Nu-Disco,Nonsense; The City; Pay No Mind,Incredibly fun album; great features; keeps you dancing. It helps that Madeon is an amazing producer,Kyle Appelquist,None,French,2015
Madvillain,Madvillainy,Hip-Hop/Rap,Hip-Hop/Rap,Figaro,Collab between prolific producer DJ Madlib and godlike MC MF DOOM; a hip hop standard,Kyle Appelquist,None,American,2004
Melt-Banana,Fetch,Post-rock,Noise Rock,,Japanese noise rock. The chirping vocals won't be for everyone.,Conor Schrader,None,Japanese,2013
Miles Davis,Kind of Blue,Jazz,Cool Jazz,Blue in Green,This is horribly famous but I'm just putting it down because if you haven't heard it you're a moron.,Jay Ostrom,Platinum,American,1959
MisterWives,Our Own House,Pop,Indie Pop,Vagabond; Queens; Reflections,Another dancy; fun album with an amazing female vocalist. These guys but on a great live show.,Kyle Appelquist,None,American,2015
Moon Hooch,Moon Hooch,Jazz,Jazz,,Modern Loft Era style jazz,Jeremy Muesing,None,American,2013
Open Mike Eagle,Dark Comedy,Hip-Hop/Rap,Hip Hop / Comedy,,Rare blend of hilarious content with a solid flow and head bobbing beats,Conor Schrader,None,American,2014
Outkast,ATLiens,Hip-Hop/Rap,Hip-Hop/Rap,,,Kyle Appelquist,Platinum,American,1996
Perturbator,The Uncanny Valley,Electronic,Synthwave,Sentient,Cyberpunk as hell. Watch the video for Sentient for the full effect.,Nick Sweet,None,French,2016
Phosphorescent ,Muchacho,Indie,Western / folk indie,Song for Zula; ,Western influences; but at heart a folk rock album. Don't let that put you off. This is a very consistent; catchy; and lyrically intense album.,Conor Schrader,None,American,2013
Portugal. the Man,Evil Friends,Indie,Indie Rock,Atomic Man; Sea of Air; Modern Jesus ,Darker themes combined with pyschedelic inspired indie ,Sheldon Huck,None,American,2013
Radiohead,In Rainbows,Rock,Alt. Rock,,,Sheldon Huck,Platinum,English,2007
Rhye,Woman,Electronic,Alt/R&B,Open,A nice downtempo album. Interesting mix of alternative themes and R&B not often heard mixed. ,Sheldon Huck,None,American,2013
Ricky Eat Acid,Three Love Songs,Electronic,Electronic; Ambient,In my dreams we're almost touching; In rural virginia,Amazing soundscapes that are perfect for walking or driving around at night. Listen to the whole thing!,Ian Loefgren,None,American,2014
Run the Jewels,Run the Jewels 2,Hip-Hop/Rap,Hip-Hop/Rap,Jeopardy; Close Your Eyes; Lie Cheat Steal,My personal AOTY 2014; one of my favorite hip hop albums of all time.,Kyle Appelquist,None,American,2014
Sean Rowe,The Salesman and the Shark,Folk,Folk,Downwind; Signs,Just listen to the damn album!,Jeremy Muesing,None,American,2012
Shakey Graves,And The War Came,Folk,Folk,Dearly Departed; If Not For You,Great songwriting and acoustics. (Let me know if you want more. I have plenty of non-purchasable songs saved.),Jeremy Muesing,None,American,2014
Silversun Pickups,Carnavas,Rock,Rock,Lazy Eye; Little Lover's So Polite ,Amazing guitar; lead singer has an awesome voice,Sheldon Huck,None,American,2006
St. Vincent ,Strange Mercy ,Indie,Indie/Electronicish ,Chloe in the Afternoon; Cruel,One of the best female voices in the indie genre atm; awesome production and aggressive songs. ,Sheldon Huck,None,American,2011
Stan Getz & Joao Gilberto,Getz/Gilberto,Jazz,Bossa Nova,The Girl from Ipanema,Probably the greatest bossa album ever made.  Soft vocal phrasings contrast with Getz strong sax melodies. Good shit; but don't immediately brush it off as elevator music pls,Jay Ostrom,Gold,American/Brazilian,1964
Stars,Set Yourself on Fire,Indie,Indie,Your Ex-lover is Dead,Mournful hipster music; but surprisingly good,Nick Sweet,None,Canadian,2004
Stereolab,Emperor Tomato Ketchup,Indie,Art Pop,,Really progressive; influential electronic-fused indie pop; hypontizing. English and French lyrics.,Conor Schrader,None,English,1996
Stromae,Racine Carrée,Pop,Electropop/hip-hop,Papaoutai,This is his best studio album because it's the only one Kanye West isn't on,Nick Sweet,None,Belgian,2013
The Faint,Danse Macabre,Electronic,Indie/Electonicish,Posed to Death; Glass Danse,Hipster music to pump you back up after Stars,Nick Sweet,None,American,2001
The Front Bottoms,Talon of the Hawk,Punk,Punk Folk ,Twin Size Mattress; The Feud,The Front Bottoms are awesome. LIke a mix of indie and punk and rock,Sheldon Huck,None,American,2013
The Heavy,The House that Dirt Built,Rock,Soul Rock,Short Change Hero; How You Like Me Now?,Watch this: https://www.youtube.com/watch?v=RARp3IFJEz4. They're the first band Letterman ever asked to do an encore - and he's asked them twice.,Nick Sweet,None,English,2009
The Mars Volta,De-loused in the Comatorium,Post-rock,Experimental Rock,Son et Lumiere/Inertiatic Esp; Televators,Hard to describe how interesting these guys are. You'll get high just reading their lyrics. ,Nick Sweet,None,American,2003
The Range,Potential,Electronic,Electronic,,Lots of spoken word samples; creative production here.,Conor Schrader,None,American,2016
The Sheepdogs,Learn & Burn,Rock,Boogie Rock,I Don't Know;  I Don't Get By,Feels like CCR mixed with the Allman Brothers,Nick Sweet,None,Canadian,2010
Timber Timbre,Timber Timbre,Folk,Folk,Demon Host; Magic Arrow,Very dark folk music.,Jeremy Muesing,None,Canadian,2009
Toby Fox,Undertale,Soundtrack,Soundtrack,Hopes and Dreams; Undertale; Megalovania,Incredibly moving sountrack to a game the fucked me up emotionally despite my best resistance,Kyle Appelquist,None,American,2015
Trombone Shorty,Say That To Say This,Soul/R&B,Jazz/Rock/HipHop?,Fire and Brimstone,This shit goes hard,Kyle Appelquist,None,American,2013
Vacationer,Gone,Pop,Pop Rock,Good as New; Be With You,Interesting; rhythmic music,Matt Aitken,None,American,2012
Vadrum,Classical Drumming,Classical,Classical,,Exactly what the album says.,Jeremy Muesing,None,Italian,2011
Volcano Choir,Repave,Indie,Indie Rock,Comrade,Side project by Justin Vernon; lead singer of Bon Iver,Conor Schrader,None,American,2013
Hans Zimmer,Spirit - Stallion of the Cimarron,Soundtrack,Soundtrack,Run Free; Homeland,In my opinion the best soundtrack Hans Zimmer has ever done. So expressive for the movie. Also features great Bryan Adams vocals (oxymoron I know),Jeremy Muesing,None,German,2002
Michael Giacchino,The Incredibles,Soundtrack,Soundtrack,,Jazz influences throughout. A case could be made for the best Soundtrack of all time both for the movie and as standalone music.,Jeremy Muesing,None,American,2004
Trent Reznor and Atticus Ross,The Social Network,Soundtrack,Soundtrack,Intriguing Possibilities,This album set the tone and made the entire movie. Someone made a website; but this soundtrack gives the feeling of an empire.,Nick Sweet,None,American/English,2010
Ennio Morricone,The Good; The Bad; and the Ugly,Soundtrack,Soundtrack,Main Title; The Ecstasy of Gold; The Trio,Often quoted as the greatest soundtrack of all time. Very famous but also very important.,Jeremy Muesing,Gold,Italian,1966
Allen Toussaint,The Bright Mississippi,Blues,New Orleans Blues,,Toussaint is a jazz pianist that made a name for himself during the fusion era but when way back to roots for this album.,Jeremy Muesing,None,American,2009
Dorothy,ROCKISDEAD,Rock,Blues Rock,Gun In My Hand,A fucking powerhouse sound. Raw sound,Jeremy Muesing,None,American,2016
Yo-yo Ma,Yo-yo Ma plays Ennio Morricone,Classical,Classical,Ecstasy of Gold,,Brett Isrealsen,None,Chinese,2004
Hanni El Khatib,Head In The Dirt,Rock,Blues Rock,Family; Penny; House on Fire,Raw sound. Produced by Dan Auerbach,Jeremy Muesing,None,American,2013
Lupe Fiasco,Tetsuo & Youth,Hip-Hop/Rap,Hip-Hop/Rap,Mural,"Mural alone will blow your mind. Such a cohesive album with a ""4 seasons"" theme",Kyle Appelquist,None,American,2015
Little Hurricane,Homewrecker,Rock,Blues Rock,Crocodile Tears,,Jeremy Muesing,None,American,2011
Dan Auerbach,Keep It Hid,Blues,Blues Rock,Real Desire; Goin' Home,Solo album from the guitarist of The Black Keys. One of the all time most soulful albums you'll hear.,Jeremy Muesing,None,American,2009
Pavement,Crooked Rain; Crooked Rain,Indie,lofi indie,Gold Soundz; Stop Breathin',"One of the most infuential underground albums of the 90s. Stephen Malkmus' voice can take some ""getting used to""",Conor Schrader,None,American,1994
The Avalanches,Since I Left You,Electronic,Plunderphonics / Electronic,Frontier Psychiatrist; Electricity,An album made entirely from samples. Absolutely briliant; funky; creative songs. Some head head nodders on here.,Conor Schrader,None,Australian,2000
Have A Nice Life,Deathconsciousness,Post-rock,Shoegaze,Bloodhail,"Not ""hardcore"" despite the names. Still dark; dreamy; mesmerizing sounds and lyrics. /mu/ creams themselves to this album",Conor Schrader,None,American,2008
Opeth,Blackwater Park,Metal,Melodic Death Metal,The Drapery Falls,A collab w/ the guy from Porcupine Tree. Some harsh vocals; but really melodic; beautiful stuff. Incredible guitarwork.,Conor Schrader,None,Swedish,2001
La Dispute,Wildlife,Metal,Post-Hardcore,Edward Benz 27 Times; Edit Your Hometown,"""Shakespeare's hardcore band."" Harsh vocals; but intricate; delicate; and very poetic lyrics. I still get goosebumps a couple times when I listen to a La Dispute album all the way through.",Conor Schrader,None,American,2011
John Prine,John Prine,Country,Country,Hello In There; Angel from Montgomery,Really just an important piece of American music. I think John Prine is a legendary songwriter who gets kind of overlooked in history. ,Conor Schrader,None,American,1971
Kamasi Washington,The Epic,Jazz,Jazz,,Massive 3 hour album of some of the best jazz musicians working today,Jay Ostrom,None,American,2015
Disasterpeace,Fez OST,Soundtrack,Chiptune,,Happy; interesting and perfect for an indie puzzler,Nick Sweet,None,American,2012
The Servant,The Servant,Rock,Alt. Rock,Cells; Jesus Says,British underground alt rock. Feels like a Guy Ritchie movie.,Nick Sweet,None,English,2004
Nobuo Uematsu,Piano Collections: Final Fantasy VI,Soundtrack,Soundtrack,Kefka; Kids Run Through the City,Piano arrangement of the best FF score,Nick Sweet,None,Japanese,1994
Alan Lomax,Blues Songbook,Blues,Delta Blues,Tangle Eye Blues,Very important music in American history. Alan Lomax was a collector that took recording equipment to the south and recorded black blues musicians some of which were in prison. Some of these artists went on to have careers of their own.,Jeremy Muesing,None,American,
Earl Sweatshirt,Doris,Hip-Hop/Rap,Hip-Hop/Rap,Burgundy,"""Doris is full on its author’s prodigious abilities as a formidable young voice in L.A.’s resurgent hip-hop scene; but it’s not as concerned with the wider significance of the moment as it is with disbelief it’s actually happening. As comebacks go; it’s shockingly insular and unassuming. Earl remains self-deprecating throughout; he produces a number of the album’s tracks under the telling moniker Randomblackdude"" Pitchfork",Scott DiBenedetto,None,American,2013
Skylar Spence,Prom King,Pop,Pop,Fiona Coyne; Can't You See,Just a pop-ish album I really like.  Lot of good dance tracks if you're into that.  This guy used to be big in the vaporwave thing (Saint Pepsi) but has kind of moved away.,Jay Ostrom,None,American,2015
Vince Staples,Summertime 06,Hip-Hop/Rap,Hip-Hop/Rap,Jump off the roof,"""Vince Staples' first full-length for Def Jam is brilliant. The Long Beach rapper expresses complex ideas in plain; hard sentences; ones that can be handed to you like a pamphlet. His rapping is conversational; but these are the conversations you have when all optimism has been burned away."" Pitchfork",Scott DiBenedetto,None,American,2015
Lil Uzi Vert,Lil Uzi Vert vs. the World,Hip-Hop/Rap,Trap,Ps & Qs; Hi Roller; Money Longer,Up and coming soundcloud rapper. Like recent Future but better,Kyle Appelquist,None,American,2016
Yoya,Nothing To Die,Indie,Folk Pop,Fireworks,I was really big into folk pop back in the day. Fireworks is still one of my favorite songs,Kyle Appelquist,None,American,2010
Stufy the Sidekick,PANK!,Punk,Folk Punk,A Coward's Lament; Please Pirate This Song; The Bomb Song,Folk punk is a very interesting genre and Stufy is hilarious. https://stufy.bandcamp.com/album/pank-ep,Kyle Appelquist,None,American,2013
Andrew Jackson Jihad,Christmas Island,Punk,Folk Punk,Kokopelli Face Tattoo,While we're on folk punk; might as well go ahead and reccomend the foremost band in the genre,Kyle Appelquist,None,American,2014
Childish Gambino,I Am Just A Rapper 2,Hip-Hop/Rap,Hip-Hop/Rap,Bitch; Look At Me Now,The black guy from community raps over indie songs,Kyle Appelquist,None,American,2010
Various Artists,Suckerpunch OST,Soundtrack,Soundtrack,White Rabbit,,Harry Stege,None,American,2011
The Clash,London Calling,Punk,Punk,London Calling; Spanish Bombs,,Harry Stege,Platinum,English,1979
Circus Maximus,Nine,Metal,Progressive Metal,Architect of Fortune; Namaste,Melodic norwegian prog metal with uplifting messages. Essentially; a set of dinosaur costumes away from Heavisaurus.,Nick Sweet,None,Norwegian,2012
Lana Del Rey,Ultraviolence,Pop,Pop,Shades of Cool; West Coast (Radio Mix),With clear production the whole album was well catered to her voice and style,Jeremy Muesing,Gold,American,2014
Aesop Rock,None Shall Pass,Hip-Hop/Rap,Hip Hop,None Shall Pass,All you need to know about Aesop: http://poly-graph.co/vocabulary.html,Nick Sweet,None,American,2007
Brother Ali,The Undisputed Truth,Hip-Hop/Rap,Hip Hop,Uncle Sam Goddamn; Take Me Home,Half-blind albino muslim with deep lyrics and fantastic flow,Nick Sweet,None,American,2007
Matisyahu,Youth,Reggae/Ska,Jewish Rock,Youth; King without a Crown,Orthodox jew who doesn't perform on the sabbath; but DAMN is he good,Nick Sweet,Gold,American,2006
Black Mountain,In the Future,Rock,Psychedlic Rock,Tyrants; Queens Will Play,Gritty guitar; pounding drums and booming vocals. Great psychedelic rock,Nick Sweet,None,Canadian,2008
EELS,Daisies of the Galaxy,Indie,Indie,I Like Birds; Flyswatter; Mr. E's Beautiful Blues,Happy indie; with a touch of grit,Nick Sweet,None,American,2000
Curtis Mayfield,Super Fly,Soul/R&B,Funk/Soul,Pusherman; Freddie's Dead; Superfly,This is one of the few soundtracks to ever outgross its eponymous film.,Nick Sweet,Gold,American,1972
Ben L'Oncle Soul,Ben L'Oncle Soul,Soul/R&B,Soul Rock,Elle me Dit; Seven Nation Army; Soulman,Amazing french soul music; with a few good covers mixed in,Nick Sweet,None,French,2010
MUTEMATH,Odd Soul,Rock,Alt. Rock,Odd Soul; In No Time,Interesting combination of many musical influences,Matt Aitken,None,American,2011
The Lost Fingers,Lost in the 80's,Pop,Gypsy Jazz,Pump up the Jam; You Shook Me All Night Long; Careless Whisper,A little Django Reinheart; a little jazz; and a lot of 80's,Nick Sweet,None,Canadian,2008
Ludovico Einaudi,Divenere,Classical,Contemporary Classical,Divenere; Primavera,Probably one of the best piano composers of this century,Nick Sweet,None,Italian,2006
Nathan Lamont,Ares OST,Electronic,Soundtrack,F.R.E.D.'s theme; Targetron,Soundtrack to a 90's; mac-only shareware game. Why the hell is it so good?,Nick Sweet,None,American,1996
Alabama Shakes,Boys & Girls,Soul/R&B,Southern Rock,Hold On; I Found You; Hang Loose,Southern Soul rock from Alabama,Matt Aitken,Gold,American,2012
Echosmith,Talking Dreams,Pop,Dance Rock,Bright; Come With Me; Cool Kids,Super upbeat and happy music with a touch of slightly less happy,Matt Aitken,None,American,2013
41st and Home,Raised By Wolves,Indie,Indie/Alt Rock,Modern Medicine; Hummingbird,Interesting indie music; like Explosions in the Sky with words,Matt Aitken,None,Canadian,2011
Bombay Bicycle Club,A Different Kind of Fix,Indie,Melodic Indie Rock,How Can You Swallow So Much Sleep,Named after a restaurant chain,Matt Aitken,None,English,2011
Sufjan Stevens,Illinois ,Indie,Indie Folk/Pop,Casimir Pulaski Day; John Wayne Gacy Jr.; The Predetory Wasp of the Palisades,Everybody's heard Chicago; but this is a beautiful concept album that spans a ton of musical styles and is packed with fantastic lyrics; biblical allusions; and both mythical and personal stories. Also an interlude with a 53 word title...,Ian Loefgren,None,American,2005
Courtney Barnett,Sometimes I Sit and Think; and Sometimes I Just Sit,Rock,Indie Rock,Depreston; Pedestrian at Best; Nobody Really Cares If You Don't Go to the Party,Badass Australian girl who revels in the prettiest and most mundane details of day-to-day life.,Ian Loefgren,None,Australian,2015
Chance the Rapper,Coloring Book,Hip-Hop/Rap,Hip Hop,No Problem; Angels; Finish Line/Drown; Blessings,Chicago rapper with an incredible amount of positivity; sweet flow; and great lyrics. Also check out his previous mixtape Acid Rap.,Ian Loefgren,None,American,2016
St. Paul & The Broken Bones,Half the City,Soul/R&B,Southern Soul,Call Me,Southern soul from Birmingham; AL,Matt Aitken,None,American,2014
Father John Misty,I Love You; Honeybear,Indie,Folk Rock,,,Conor Schrader,None,American,2015
Rick Wakeman,The Myths and Legends of King Arthur And The Knights Of The Round Table,Electronic,Medieval Syth-Rock,Merlin the Magician,Medieval syth-rock is all you need to know,Jeremy Muesing,None,English,1975
This Will Destroy You,This Will Destroy You (S/T on Spotify),Post-rock,Post-rock,The Mighty Rio Grande,Plenty of great albums but this is a good starting point,Jeremy Muesing,None,American,2008
Leon Bridges,Coming Home,Soul/R&B,Soul/R&B,Shine,Good soul album from 2015. Great up and coming artist,Scott DiBenedetto,None,American,2015
The Sound of Animals Fighting,The Tiger and the Duke,Post-rock,Post-rock/Metal,Act IV: You Don't Need a Witness,Members of the RX Bandits and Anthony Green made some complicated rock,Mitchell Block,None,American,2005
Jeff Buckley,Grace,Rock,Folk Rock,Grace; Last Goodbye; So Real,Jeff Buckley is a virtuoso guitarist who drowned a short while after releasing Grace; his only studio album. His voice is haunting.,Nick Sweet,Platinum,American,1994
Joe Hisaishi,Hisaishi Meets Miyazaki Films,Soundtrack,Modern Classical,Madness; Ashitaka and San; One Summer's Day,Closest album I could find to the amazing Live in Bodukan concert that celebrates 25 years of collaboration between Joe Hisashi and Hayao Miyazaki; one of Japan's greatest directors.,Nick Sweet,None,Japanese,2006
La Bottine Souriante,Cordial,Folk,Quebec Folk,,Classic Quebec folk band. Their best songs (zigezon; le lys vert) aren't on this album; but this might be their best album as a whole.,Nick Sweet,None,Canadian,2001
Cirque du Soleil,Alegria,World,Circus Music,Alegria; Vai Vedrai; Jeux D'Enfants,Sung in french; italian and spanish; Alegria is Cirque du Soleil's best-selling; Grammy-nominated album.,Nick Sweet,None,Canadian,1994
Sugar & The Hi Lows,Sugar & The Hi Lows,Rock,Retro/Southern,I've got You Covered,,Matt Aitken,None,American,2012
Patti Smith,Horses,Punk,Art Punk,Gloria; My Generation (both covers),Important album to understand the late 70's NYC punk scene. Kind of punk-poetry.,Nick Sweet,None,American,1975
Bedouin Soundclash,Sounding a Mosaic,Reggae/Ska,Alt. Rock,When the Night Feels my Sing; Immigrant Workforce,Probably the happiest music I know (but it's actually decent).,Nick Sweet,None,Canadian,2004
Massive Attack,Mezzanine,Electronic,Trip hop,Angel; Teardrop; Inertia Creeps; Dissolved Girl,Slow; intense and atmospheric. If you haven't heard of Massive Attack; you've at least heard them.,Nick Sweet,None,English,1998
The Naked and Famous,Passive Me; Aggressive You,Electronic,Indie Electronic,Punching in a Dream; Young Blood,,Matt Aitken,None,New Zealander,2010
Typhoon,White Lighter,Indie,Rock,Young Fathers; Prosthetic Love; Dreams of Cannabilism,13 piece band with plenty of horn and some great lyrics.,Ian Loefgren,None,American,2013
Tom Waits,Nighthawks at the Diner,Jazz,Tom Waits,Putnam County; Warm Beer and Cold Women,It's Tom Waits live! Incredible songwriter with a fantastic voice (if you like gravel),Ian Loefgren,None,American,1975
Max Tannone,Mos Dub,Reggae/Ska,Reggae Rap,In My Math,Mashup album of Mos Def songs and reggae samples. Listen here:,Jeremy Muesing,None,American,2010
Lindsey Stirling,Shatter Me,Electronic,Dubstep Violin,Round Table Rival; Shatter Me,,Luke Burks,None,American,2014
Josh Vietti,Best of Both Worlds,Pop,Pop Violin,Black and Yellow,All covers,Luke Burks,None,American,2012
Cartel,Chroma,Pop,2001 Alt Rock,Burn This City; The Minstrel's Prayer,,Luke Burks,None,American,2005
Blackmill,Reach For Glory,Electronic,Instrumental Electronic,Evil Beauty; City Lights,,Luke Burks,None,German,2011
Thirty Seconds to Mars,This is War,Rock,Alternative Rock,Kings and Queens; Hurricane,,Luke Burks,Gold,American,2009
SafteySuit,These Times,Indie,Alternative Indie,Get Around This,,Luke Burks,None,American,2012
Grateful Dead,Working Man's Dead,Folk,Country,Casey Jones; Uncle John's Band,Great intro to jam bands.,Sierra Williams,Platinum,American,1970
Break of Reality,Spectrum of the Sky,Classical,Alt Instrumental,Spectrum of the Sky; Andynia,,Luke Burks,None,American,2009
Trampled by Turtles,Palomino,Country,Bluegrass,,,Sierra Williams,None,American,2010
Metric,Fantasies,Electronic,Dance Rock,Help I'm Alive,,Matt Aitken,None,Canadian,2009
Ludo,Prepare the Preparations,Rock,Alternative Rock,Anything for You; Battle Cry,Interesting mix of styles; stories and instruments,Matt Aitken,None,American,2010
Christopher Tin,Calling All Dawns,World,Soundtrack,Baba Yetu; Mado Kara Mieru,World classical composition; Baba Yetu won the first grammy for a videogame soundtrack,Matt Aitken,None,American,2009
Elmer Bernstein,The Great Escape OST,Soundtrack,War soundtrack,Main Title,This is the DO DO; DO *DO* DO DO DO one; not the DO DO; DO DO DO *DO* *DO* *DO* one. https://www.youtube.com/watch?v=v5w2lixqPZM,Brett Isrealsen,None,American,1963
Loreena McKennit,The Mask and Mirror,World,Celtic,The Mystic's Dream; Marrakesh Night Market,"One of a very small set of white singers I'd call ""world"" music; but she's Canadian; so I guess that counts? Think of this as more intense and interesting Enya",Nick Sweet,None,Canadian,1994
Alice Russell,Pot of Gold,Soul/R&B,Soul,Hurry on Now,Plus sized; white; british; powerhouse singer. The only difference between her and Adele is Alice Russell sings soul music while Adele sings pop.,Jeremy Muesing,None,English,2008
Bahamas,Bahamas Is Afie,Folk,Folk,All The Time; Like A Wind,Fantastic songwriter. His songs rip my soul apart,Jeremy Muesing,None,Canadian,2014
Dark Dark Dark,Bright Bright Bright,Indie,Indie Folk,Bright Bright Bright,No longer active but hauntingly good songs. If you can believe it there are 8 members,Jeremy Muesing,None,American,2010
Rebirth Brass Band,Rebirth of New Orleans,Jazz,New Orleans Jazz,,,Jeremy Muesing,None,American,2011
DJ Shadow,Endtroducing,Electronic,Instrumental Hip-Hop,,,Max Levy,None,American,1996
Gramatik,Street Bangerz Vol. 2 (SB2 on Spotify),Electronic,Electronic Soul,Tearin It Up,A very popular producer who sampled old soul records. He cranks out records at a ridiculous pace making his early work hard to find. This was his peak,Jeremy Muesing,None,Slovenes,2009
Hugh Laurie,Let Them Talk,Blues,New Orleans Blues,,Hugh Laurie may be a famous actor but his true passion is for music. Most of the album is covers of old classics.,Jeremy Muesing,None,English,2011
Left Lane Cruiser,Junkyard Speed Ball,Rock,Hard Blues Rock,At the Denny's,Very face paced hard blues rock. Lots of slide guitar and gritty vocals. Not for everyone,Jeremy Muesing,None,American,2011
Owen Campbell,Sunshine Road,Blues,Blues,,Australian bluesman with a great voice and slide guitar,Jeremy Muesing,None,Australian,2011
Radio Moscow,Brain Cycles,Rock,Psychedlic Rock,,Not the best vocals but the good news is after 30 sec of those you get 5 min of wicked guitar solos. Tons of Hendrix influences.,Jeremy Muesing,None,American,2009
Rumspringa,Sway,Indie,Indie Rock,Casper,,Jeremy Muesing,None,American,2010
The Stone Foxes,Bears & Bulls,Rock,Blues Rock,,,Jeremy Muesing,None,American,2010
Darren Korb,Bastion OST,Soundtrack,Acoustic frontier trip hop,Build that wall,"""Acoustic frontier trip hop"" is how the composer describes it. Might be the best video game OST.",Nick Sweet,None,American,2011
Steve Martin,The Crow: New Songs for the 5-String Banjo,Country,Bluegrass,Clawhammer Melody; Hoedown at Alice's; The Crow,If you can find a porch; sit on it; sip on a mint julep and tilt your head back while Steve Martin plays the banjo for you.,Nick Sweet,None,American,2009
Fleet Foxes,Fleet Foxes,Folk,Indie Folk,Meadowlarks; Ragged Wood,,Matt Aitken,Gold,American,2008
Vanessa Mae,Storm,Classical,Electric Violin,Storm,One of the early classically trained string musicians to add an electronic vibe to her music.,Nick Sweet,None,English,1997
Neutral Milk Hotel,In the Aeroplane Over the Sea,Indie,lo-fi ,King of Carrot Flowers; Two-headed Boy,Grossly underappreciated indie album at the time of its release. Kind of a precursor to Arcade Fire. One band member is credited as playing the shortwave radio. Hope you like distortion!,Nick Sweet,None,American,1998
Too Many Zooz,F Note,Jazz,Brass House,,I figured these guys would be too popular but I might spend too much time on Reddit. House jazz music for the modern era. Street band from New York coming out with their first LP in the coming weeks.,Jeremy Muesing,None,American,2014
The National,Boxer,Indie,Post-punk revival,Fake Empire,,Matt Aitken,None,American,2007
Yanni,Yanni Live! The Concert Event,World,New Age,,Everyone needs to listen to Yanni once in their life,Jeremy Muesing,None,Greek,2006
Asgeir,In the Silence,Indie,Indie Folk,King and Cross,Similar to Bon Iver,Matt Aitken,None,Icelandic,2013
The Black Angels,Indigo Meadow,Rock,Psychedlic Rock,Evil Things,Great stoner rock.,Jeremy Muesing,None,American,2013
MACINTOSH PLUS,FLORAL SHOPPE,Electronic,Vapor Wave,花の専門店,A fetishization of 1990's e-culture. http://beerontherug.bandcamp.com/album/floral-shoppe,Max Levy,None,American,2011
The Vines,Highly Evolved,Rock,Garage Punk,Outtathaway; Get Free; In the Jungle,If you don't like punk at all; this is a great gateway drug because of their harder songs. Strong Beatles influence all-around - from Helter Skelter to Yesterday.,Nick Sweet,Gold,Australian,2002
Rancid,...And Out Come the Wolves,Punk,Punk Rock,Time Bomb; Ruby Soho,Probably one of the most popular and influential punk albums of the 90's. It was certified RIAA silver; but I expect not enough people have listened to the whole album.,Nick Sweet,Platinum,American,1995
Maynard Ferguson,Chameleon,Jazz,Latin Jazz,Gospel John; La Fiesta; Chameleon,https://thepiratebay.org/torrent/11441106/Maynard_Ferguson_-_Chameleon_(1974)_[EAC-FLAC](Really the only way to listen to for free),Brett Isrealsen,None,Canadian,1974
Boney M.,Nightflight to Venus,Disco,R&B/Reggae,Rasputin; Rivers of Babylon,This album has everything you could EVER want in music: Neil Peart-esque beating drums; russian history; bass solos that'll keep you bouncing; good advice on resisting booty call temptations; choral religous songs; timpani; a cover of the world's best folk song; balalaikas ringing out; producers from West Germany. It's music even white guys can dance to.,Nick Sweet,None,German,1978
Dispatch,Bang Bang,Indie,Indie,,,Sierra Williams,None,American,1997
State Radio,Us Against the Crown,Reggae/Ska,Reggae/Ska,,,Sierra Williams,None,American,2006
Mystery Skulls,Forever,Electronic,Electronic,,,Sierra Williams,None,American,2014
Flying Lotus,Cosmogramma,Electronic,Experimental,Do the Astral Plane,"Steve Ellison reimagines a century of music through the prism of Alice Coltrane's ""astral jazz."" Utterly monumental.",Max Levy,None,American,2010
Beastie Boys,Hello Nasty,Hip-Hop/Rap,Alternative,The Move,"Really underrated; really weird; really good. A virtuouso statement that was forgotten almost immediately after its release. Not many people know that the Beastie Boys are actually talented jazz musicians; but goddamn; that flute lick on ""Song for Junior.""",Max Levy,Platinum,American,1998
Mac DeMarco,Salad Days,Indie,Indie,Goodbye Weekend; Passing Out Pieces,Summery; and plangent; and visceral; if Pink Floyd never grew out of being a bunch of goofy; stoned kids; this is something I could see them having made.,Max Levy,None,Canadian,2014
Battles,La Di Da Di,Rock,Garage,FF Bada,Complex; galloping garage rock. Feels like the band is pushing themselves on every song. Excellent drumming. Also; do yourself a favor and check out the cover art.,Max Levy,None,American,2015
Vulfpeck,Mit Peck,Jazz,Funk,Beastly,Funky session music. Very simple and very listenable.,Nick Sweet,None,American,2011
Gipsy Kings,Gipsy Kings,World,Flamenco,Djobi Djoba; Bamboleo,Great upbeat classical guitar.,Nick Sweet,None,French,1988
Mitski,Puberty 2,Indie,Indie Rock,,,Conor Schrader,None,American,2016
Yung Lean,Unknown Death 2002,Hip-Hop/Rap,Sad Rap,,,Max Levy,None,Swedish,2013
Stan Kenton,Adventures in Jazz,Jazz,Latin Jazz,Malaguena,,Brett Isrealsen,None,American,1999
Julieta Venegas,Si,Rock,Latin Pop,Since I Left You,,Brett Isrealsen,None,Mexican/American,2003
2 8 1 4,Birth of a New Day,Electronic,Vaporwave,,V aesthetic,Ian Loefgren,None,English,2015
Com Truise,In Decay,Electronic,Chillwave,Yxes; 84' Dreamin,Lush synth album with '90s sympathies. In the same vein as Tycho (sort of).,Max Levy,None,American,2012
The Protomen,Act I,Post-rock,Rock Opera,,,Harry Stege,None,American,2005
The Sword,Wrap Riders,Metal,Metal,,,Harry Stege,None,American,2010
Various Artists,Punk Goes 90s (Vol I),Punk,Punk,,,Harry Stege,None,American,2006
Doomtree,All Hands,Hip-Hop/Rap,Hip-Hop/Rap,,,Harry Stege,None,American,2015
Various Artists,O Brother Where Art Though - OST,Soundtrack,Soundtrack,,,Harry Stege,Platinum,American,2000
Wilco,Yankee Hotel Foxtrot,Indie,Indie Rock,,,Harry Stege,Gold,American,2002
Cyndi Lauper,She's So Unusual,Pop,Pop,,,Harry Stege,Platinum,American,1983
Girl Talk,Feed The Animals,Electronic,Electronic,,,Harry Stege,None,American,2008
Tool,Lateralus,Metal,Metal,,,Harry Stege,Platinum,American,2001
Blink 182,Cheshire Cat,Rock,Alt Rock,,,Harry Stege,None,American,1995
Buddy Holly & The Crickets,The Chirping Crickets,Rock,Rock,,,Harry Stege,None,American,1957
The Tragically Hip,Fully Completely,Rock,Alt Rock,Courage; At the Hundredth Meridain; Wheat Kings,"The Hip have so many wonderful songs spread across their 13 studio albums; but this is considered their best album. You should also listen to the songs; ""Poets""; ""38 years old""; and ""Ahead by a century"". And check out the lyrics/story behind ""Wheat Kings"".",Nick Sweet,None,Canadian,1992
Sonata Arctica,Ecliptica Revisited: 15th Anniversary Edition,Metal,Power Metal,Replica; Kingdom for a Heart; I Can't Dance,This can be described as power metal; symphonic metal; progressive metal; melodic metal... it's just a bunch of Finns playing their fucking hearts out; is what it is.,Nick Sweet,None,Finnish,1999
Gungor,I Am Mountain,Pop,Baroque Pop,,,Matt Aitken,None,American,2013
Driving Mrs. Satan,Did you Mrs. me?,Indie,Indie/Folk,Iron Man; Raining Blood,Three italian musicians doing beautiful indie-pop covers of top metal songs. For the geriatric metalhead in you.,Nick Sweet,None,Italian,2016
Jim Croce,You Don't Mess Around with Jim,Folk,Folk Rock,You Don't Mess Around with Jim; Photographs and Memories; Time in a Bottle,"Jim Croce's first album. ""There's something in my eyes / You know it happens every time.""",Nick Sweet,Gold,American,1972
Santana,Guitar Heaven,Rock,Rock,,An album of guitar covers done by one of the best living soloists. Features many different singers like Daughtry; Joe Cocker and Chris Cornell.,Jeremy Muesing,None,Mexican,2010
Benjamin Francis Leftwich,Last Smoke Before the Snowstorm,Folk,Singer/Songwriter,Atlas Hands,Good folk album by an artist that never made it in the music industry. A real shame because I've always wished he had more music,Jeremy Muesing,None,English,2011
Sage Francis,Personal Journals,Hip-Hop/Rap,Underground Hip-Hop,Climb Trees; Broken Wings,This is hip-hop that comes from pain and weakness; not some bullshit chest-pounding. Expressive lyrics; solid beats.,Nick Sweet,None,American,2002
RJD2,Deadringer,Hip-Hop/Rap,Instrumental Hip/Hop,The Horror; Ghostwriter,The kind of album you need good headphones for.,Nick Sweet,None,American,2002
Gossip,Standing in the Way of Control,Rock,Indie Rock,Standing in the Way of Control; Coal to Diamonds; Your Mangled Heart,Raw and soulful. Not something to listen to quietly.,Nick Sweet,None,American,2006
Wall of Death,Main Obsession,Rock,Psychedlic Rock,Main Obsession,Interesting psychedelic rock from France,Jeremy Muesing,None,French,2012
Brent Cowles,Cold Times EP,Rock,Soul Rock,,Local Denver artist with a great sound and voice,Jeremy Muesing,None,American,2017
Various Artists,Resistance Radio: The Man in The High Castle,Soundtrack,Soundtrack,Can't Help Falling in Love; Sometimes I Feel Like a Motherless Child; Get Happy,Co-produced by Brian Burton (Danger Mouse) and Sam Cohen. This is the soundtrack to Amazon's series of the same name which imagines America if the Axis powers had won WWII. The music consists of covers of old classics rearragened to sound like they were played on an underground pirate radio station,Jeremy Muesing,None,American,2017
Andy Hull,Swiss Army Man Soundtrack,Soundtrack,Soundtrack,Montage,Excellent album made almost only acapella and with sound bites from the actors themselves,Jeremy Muesing,None,American,2016
Elle King,Love Stuff,Rock,Country Rock,,While Ex's & Oh's is really popular; that might be the worst song on the album. Really worth listening to the whole thing,Jeremy Muesing,Gold,American,2015
Sylvan Esso,Sylvan Esso,Pop,Electropop,Hey Mami; Wolf,Really interesting sound and use of looping,Jeremy Muesing,None,American,2014
alt-J,An Awesome Wave,Indie,Indie Rock,,You won't be able to understand the lyrics; but they also make no sense so who cares.,Jeremy Muesing,Gold,English,2012
Nathaniel Rateliff And The Night Sweats,Nathaniel Rateliff And The Night Sweats,Rock,Soul Rock/Folk,I Need Never Get Old; SOB; Mellow Out,One of the biggest artists to come out of the Denver area in the last decade. Very chill out music,Jeremy Muesing,Gold,American,2015
Bombino,Azel,World,Tribal,,I know there is already a Bombino album on here but this one came out after the list and is even better,Jeremy Muesing,None,Nigerian,2016
Slim Cessna's Auto Club,SCAC 102 An Introduction for Young and Old Europe,Country,Gothabilly,,Local Denver band with an ubeat yet dark sound,Jeremy Muesing,None,American,2013
Noname,Telefone,Hip-Hop/Rap,,Yesterday; Diddy Bop; Bye Bye Baby; Shadow Man,Lyrical raps and a wavy; nostaglia-tinged soound. The keyboards in particular are dope.,Ian Loefgren,None,American,2016
Deorro,Good Evening,Electronic,,Five More Hours; Bailar; Turn Back Time,,Luke Barbier,None,Mexican,2017
Barns Courney,The Dull Drums EP,Indie,Indie Rock,Fire; Glitter & Gold,He packs amazing music into this 16 minute EP. Some songs are so infectious you should make sure you get your MMR shots before listening.,Nick Sweet,None,English,2016
Electric Light Orchestra,Alone in the Universe,Rock,,,,Luke Barbier,None,English,2015
The Sounds,Dying to Say This to You,Rock,Pop Punk,Queen of Apology,,Jamison McGinley,None,Swedish,2006
Jacob Collier,In My Room,Jazz,,You and I,A music prodegy who recorded the entire album in his room at 17. He was discovered and mentored by Quincy Jones and is good friends with Herbie Hancock.,Jeremy Muesing,None,English,2016
Cigarettes After Sex,Cigarettes After Sex,Indie,Dream Pop,,Really relaxing pop to help wind down from almost anything,Jeremy Muesing,None,American,2017
Rodrigo y Gabriela,11:11,World,Flamenco,,,Jeremy Muesing,None,Mexico,2009
Possessed By Paul James,There Will Be Nights When I'm Lonely,Country,,,Konrad's day-to-day job is teaching special needs children but every summer he ventures around the southern parts of America playing in dive bars by the title of Possessed By Paul James. A one man band who brings all the energy and heart you could ever need,Jeremy Muesing,None,American,2013
Rise Against,Wolves,Punk,,Wolves; House on Fire,,Jamison McGinley,None,American,2017
AJR,The Click,Pop,Electropop,Sober up; Weak,,Luke Burks,None,American,2017
X Ambassadors,VHS,Rock,,Jungle; Renegades,Just skip the tracks with the word Interlude in it,Luke Burks,Gold,American,2015
ZZ Ward,The Storm,Rock,Blues Rock,Ghost; Cannonball,,Luke Burks,None,American,2017
Knuckle Puck,While I Stay Secluded,Punk,,But Why Would You Care?,Really gotta pay attention to the lyrics on these ones,Jamison McGinley,None,American,2014
Moses Sumney,Aromanticism,Soul/R&B,Indie artsy R&B,Don't Bother Calling; Plastic; Indulge Me,Some great interludes; good lyrics; and fantastic vocals over spacey; kinda ambient vibes.,Ian Loefgren,None,American,2017
Welshly Arms,No Place Is Home,Rock,Rock,Legendary,You've probably heard the song Legendary in literally any commerical for literally any sport. Originally made as a single a few years ago; this band made a full album to go with it. Very polished and easy rock to jam out to.,Jeremy Muesing,None,American,2018
The Score,Atlas,Rock,Indie Rock,Unstoppable; Miracle,,Luke Burks,None,American,2017